{
  "images": [
    {
      "filename": "logo1024-iphone-29@2x.png",
      "idiom": "iphone",
      "scale": "2x",
      "size": "29x29"
    },
    {
      "filename": "logo1024-iphone-29@3x.png",
      "idiom": "iphone",
      "scale": "3x",
      "size": "29x29"
    },
    {
      "filename": "logo1024-iphone-40@2x.png",
      "idiom": "iphone",
      "scale": "2x",
      "size": "40x40"
    },
    {
      "filename": "logo1024-iphone-40@3x.png",
      "idiom": "iphone",
      "scale": "3x",
      "size": "40x40"
    },
    {
      "filename": "AppIcon-60-2x.png",
      "idiom": "iphone",
      "scale": "2x",
      "size": "60x60"
    },
    {
      "filename": "AppIcon-60-3x.png",
      "idiom": "iphone",
      "scale": "3x",
      "size": "60x60"
    },
    {
      "filename": "logo1024-ipad-29@1x.png",
      "idiom": "ipad",
      "scale": "1x",
      "size": "29x29"
    },
    {
      "filename": "logo1024-ipad-29@2x.png",
      "idiom": "ipad",
      "scale": "2x",
      "size": "29x29"
    },
    {
      "filename": "logo1024-ipad-40@1x.png",
      "idiom": "ipad",
      "scale": "1x",
      "size": "40x40"
    },
    {
      "filename": "logo1024-ipad-40@2x.png",
      "idiom": "ipad",
      "scale": "2x",
      "size": "40x40"
    },
    {
      "filename": "AppIcon-76.png",
      "idiom": "ipad",
      "scale": "1x",
      "size": "76x76"
    },
    {
      "filename": "AppIcon-76-2x.png",
      "idiom": "ipad",
      "scale": "2x",
      "size": "76x76"
    },
    {
      "filename": "logo1024-ipad-83@2x.png",
      "idiom": "ipad",
      "scale": "2x",
      "size": "83.5x83.5"
    }
  ],
  "info": {
    "author": "xcode",
    "version": 1
  }
}